module,name,kind,internal_count,src_count,dev_count,test_count,comment
/Users/s0001325/repos/glimra/count_usages.sh: line 74: [[: 0
0: syntax error in expression (error token is "0")
/Users/s0001325/repos/glimra/count_usages.sh: line 74: [[: 0
0: syntax error in expression (error token is "0")
glimra,TokensResult,type,4,0,0,0,internal_only
glimra,NoLangs,type,3,0,0,0,pub_signature
/Users/s0001325/repos/glimra/count_usages.sh: line 74: [[: 0
0: syntax error in expression (error token is "0")
/Users/s0001325/repos/glimra/count_usages.sh: line 74: [[: 0
0: syntax error in expression (error token is "0")
glimra,HasLangs,type,6,0,0,0,internal_only
glimra,NoTheme,type,4,0,0,0,pub_signature
/Users/s0001325/repos/glimra/count_usages.sh: line 74: [[: 0
0: syntax error in expression (error token is "0")
/Users/s0001325/repos/glimra/count_usages.sh: line 74: [[: 0
0: syntax error in expression (error token is "0")
glimra,HasTheme,type,8,0,0,0,internal_only
glimra,new_highlighter,fn,5,0,16,17,
glimra,with_language,fn,3,0,14,15,
glimra,with_languages,fn,0,0,3,3,
glimra,with_all_languages,fn,0,0,4,3,
glimra,with_bundled_theme,fn,3,0,12,13,
glimra,with_bundled_themes,fn,0,0,3,3,
glimra,with_all_bundled_themes,fn,0,0,4,3,
glimra,with_custom_theme,fn,0,0,4,4,
glimra,with_lang_alias,fn,1,0,3,3,
glimra,build,fn,3,1,17,18,
glimra,ExplanationMode,type,4,6,0,0,
glimra,TokensOptions,type,18,0,0,0,pub_signature
glimra,tokens_options,fn,2,0,4,4,
glimra,tokens_options_bundled,fn,2,0,5,6,
glimra,tokens_with_explanation,fn,0,0,6,6,
glimra,tokens_with_color_replacements,fn,0,0,3,3,
glimra,tokens_with_max_line_length,fn,0,0,3,3,
glimra,tokens_with_time_limit,fn,0,0,3,3,
glimra,HtmlStructure,type,2,0,0,0,pub_signature
/Users/s0001325/repos/glimra/count_usages.sh: line 74: [[: 0
0: syntax error in expression (error token is "0")
/Users/s0001325/repos/glimra/count_usages.sh: line 74: [[: 0
0: syntax error in expression (error token is "0")
glimra,MergeWhitespaces,type,2,0,0,0,internal_only
glimra,TabIndex,type,2,0,0,0,pub_signature
glimra,HtmlOptions,type,33,0,0,0,pub_signature
glimra,html_options,fn,1,0,0,0,internal_only
glimra,html_options_bundled,fn,0,0,0,0,unused
glimra,html_with_structure,fn,0,0,0,0,unused
glimra,html_with_merge_whitespaces,fn,0,0,0,0,unused
glimra,html_with_merge_same_style_tokens,fn,0,0,0,0,unused
glimra,html_with_tabindex,fn,0,0,0,0,unused
glimra,html_with_root_style,fn,0,0,0,0,unused
glimra,html_with_data,fn,0,0,0,0,unused
glimra,html_with_meta,fn,0,0,0,0,unused
glimra,html_with_explanation,fn,0,0,0,0,unused
glimra,html_with_color_replacements,fn,0,0,0,0,unused
glimra,html_with_max_line_length,fn,0,0,0,0,unused
glimra,html_with_time_limit,fn,0,0,0,0,unused
glimra,code_to_tokens,fn,2,0,6,7,
glimra,code_to_html,fn,2,0,0,0,internal_only
glimra,has_language,fn,0,0,10,10,
glimra,has_theme,fn,1,1,10,10,
glimra,get_loaded_language_names,fn,0,0,0,0,unused
glimra,get_loaded_theme_names,fn,0,0,0,0,unused
glimra,loaded_language_count,fn,0,0,0,0,unused
glimra,loaded_theme_count,fn,0,0,0,0,unused
glimra/types/token,FontStyle,type,1,0,0,1,
glimra/types/token,RawThemeSetting,type,2,11,0,0,
glimra/types/token,ThemedTokenScopeExplanation,type,2,6,0,0,
glimra/types/token,ThemedTokenExplanation,type,2,6,0,0,
glimra/types/token,ThemedToken,type,3,20,0,17,
glimra/types/token,simple_token,fn,0,2,0,0,
glimra/highlight/highlighter,HighlightOptions,type,3,2,0,5,
glimra/highlight/highlighter,ExplanationMode,type,5,5,0,0,
/Users/s0001325/repos/glimra/count_usages.sh: line 74: [[: 0
0: syntax error in expression (error token is "0")
/Users/s0001325/repos/glimra/count_usages.sh: line 74: [[: 0
0: syntax error in expression (error token is "0")
glimra/highlight/highlighter,HighlightResult,type,4,0,0,0,internal_only
glimra/highlight/highlighter,highlight,fn,1,3,0,6,
glimra/highlight/registry,Registry,type,20,12,0,0,
glimra/highlight/registry,new,fn,5,90,0,11,
glimra/highlight/registry,add_grammar_json,fn,0,1,0,1,
glimra/highlight/registry,add_theme_json,fn,0,2,0,1,
glimra/highlight/registry,get_grammar,fn,0,1,0,0,
glimra/highlight/registry,get_theme,fn,0,1,0,0,
glimra/highlight/registry,resolve_alias,fn,0,1,0,0,
glimra/highlight/registry,has_theme,fn,0,2,10,10,
glimra/textmate/state_stack,ScopeStack,type,9,16,0,0,
glimra/textmate/state_stack,scope_stack_root,fn,0,0,0,3,
glimra/textmate/state_stack,scope_stack_push,fn,2,0,0,3,
glimra/textmate/state_stack,scope_stack_depth,fn,0,0,0,3,
glimra/textmate/state_stack,AttributedScopeStack,type,17,7,0,0,
glimra/textmate/state_stack,attributed_push_scope,fn,0,6,0,0,
glimra/textmate/state_stack,attributed_get_scope_names,fn,4,7,0,0,
glimra/textmate/state_stack,attributed_get_token_attributes,fn,0,2,0,0,
glimra/textmate/state_stack,StateStack,type,25,44,0,0,
glimra/textmate/state_stack,initial,fn,3,8,0,0,
glimra/textmate/state_stack,create_root_state,fn,0,2,0,0,
glimra/textmate/state_stack,push,fn,2,12,0,6,
glimra/textmate/state_stack,pop,fn,1,17,0,3,
glimra/textmate/state_stack,safe_pop,fn,0,2,0,0,
glimra/textmate/state_stack,depth,fn,2,17,0,10,
glimra/textmate/state_stack,get_rule_id,fn,0,7,0,0,
glimra/textmate/state_stack,get_enter_pos,fn,0,2,0,0,
glimra/textmate/state_stack,reset_enter_positions,fn,1,1,0,0,
glimra/textmate/state_stack,get_anchor_pos,fn,0,2,0,0,
glimra/textmate/state_stack,get_end_rule,fn,0,3,0,0,
glimra/textmate/state_stack,get_begin_rule_captured_eol,fn,0,3,0,0,
glimra/textmate/state_stack,get_name_scopes,fn,0,4,0,0,
glimra/textmate/state_stack,get_content_name_scopes,fn,0,4,0,0,
glimra/textmate/state_stack,has_same_rule_as,fn,0,3,0,0,
glimra/textmate/state_stack,set_content_name_scopes,fn,0,3,0,0,
glimra/textmate/state_stack,get_scope_names,fn,0,2,0,0,
glimra/textmate/raw_grammar,RawGrammar,type,7,19,0,0,
glimra/textmate/raw_grammar,new_raw_grammar,fn,0,0,0,2,
glimra/textmate/raw_grammar,RawRule,type,39,38,0,2,
glimra/textmate/raw_grammar,new_raw_rule,fn,6,0,0,2,
glimra/textmate/raw_grammar,include_rule,fn,0,0,0,4,
glimra/textmate/raw_grammar,match_rule,fn,0,4,0,3,
glimra/textmate/raw_grammar,begin_end_rule,fn,0,4,0,3,
glimra/textmate/raw_grammar,begin_while_rule,fn,0,4,0,0,
glimra/textmate/raw_grammar,IncludeReference,type,1,0,0,0,pub_signature
glimra/textmate/raw_grammar,parse_include,fn,0,2,0,7,
glimra/textmate/raw_grammar,init_grammar,fn,0,4,0,0,
glimra/textmate/raw_grammar,merge_repositories,fn,0,2,0,0,
glimra/textmate/raw_grammar,is_match_rule,fn,0,3,0,2,
glimra/textmate/raw_grammar,is_begin_end_rule,fn,0,3,0,2,
glimra/textmate/raw_grammar,is_begin_while_rule,fn,0,3,0,0,
glimra/textmate/raw_grammar,is_include_only_rule,fn,0,1,0,3,
glimra/textmate/raw_grammar,get_effective_begin_captures,fn,0,3,0,0,
glimra/textmate/raw_grammar,get_effective_end_captures,fn,0,2,0,0,
glimra/textmate/raw_grammar,get_effective_while_captures,fn,0,2,0,0,
glimra/textmate/scope_selector,ScopeMatcher,type,5,0,0,0,pub_signature
glimra/textmate/scope_selector,create_matchers,fn,0,1,0,0,
glimra/textmate/grammar,end_rule_id,const,3,2,0,0,
glimra/textmate/grammar,Grammar,type,10,42,0,0,
glimra/textmate/grammar,Injection,type,2,10,0,0,
glimra/textmate/grammar,get_rule,fn,1,7,0,0,
/Users/s0001325/repos/glimra/count_usages.sh: line 74: [[: 0
0: syntax error in expression (error token is "0")
/Users/s0001325/repos/glimra/count_usages.sh: line 74: [[: 0
0: syntax error in expression (error token is "0")
glimra/textmate/grammar,CompiledRule,type,7,0,0,0,internal_only
glimra/textmate/grammar,FindMatchResult,type,3,7,0,0,
glimra/textmate/grammar,find_next_match,fn,1,5,0,0,
glimra/textmate/grammar,compile_rule_patterns,fn,0,3,0,0,
glimra/textmate/grammar,compile_while_pattern,fn,0,2,0,0,
glimra/textmate/grammar,resolve_end_pattern,fn,0,2,0,0,
glimra/textmate/grammar,resolve_while_pattern,fn,0,2,0,0,
glimra/textmate/rule,RuleId,type,22,39,0,0,
glimra/textmate/rule,rule_id_none,const,0,22,0,0,
glimra/textmate/rule,rule_id_first,const,0,2,0,0,
glimra/textmate/rule,CaptureIndex,type,1,33,0,0,
glimra/textmate/rule,CaptureRule,type,19,12,0,0,
glimra/textmate/rule,capture_rule,fn,0,6,0,0,
glimra/textmate/rule,Rule,type,17,28,0,0,
glimra/textmate/rule,get_id,fn,0,5,0,0,
glimra/textmate/rule,update_id,fn,0,1,0,0,
glimra/textmate/rule,get_name,fn,0,1,0,0,
glimra/textmate/rule,get_content_name,fn,0,1,0,0,
glimra/textmate/rule,get_match_captures,fn,0,3,0,0,
glimra/textmate/rule,get_begin_captures,fn,0,4,0,0,
glimra/textmate/rule,get_end_captures,fn,0,3,0,0,
glimra/textmate/rule,get_while_captures,fn,0,1,0,0,
glimra/textmate/rule,is_begin_end_rule,fn,0,3,0,2,
glimra/textmate/rule,is_begin_while_rule,fn,0,3,0,0,
glimra/textmate/rule,is_match_rule,fn,0,3,0,2,
glimra/textmate/rule,is_include_only_rule,fn,0,1,0,3,
glimra/textmate/rule,match_rule,fn,0,4,0,3,
glimra/textmate/rule,include_only_rule,fn,0,5,0,0,
glimra/textmate/rule,begin_end_rule,fn,0,4,0,3,
glimra/textmate/rule,begin_while_rule,fn,0,4,0,0,
glimra/textmate/theme,font_style_not_set,const,5,2,0,0,
glimra/textmate/theme,font_style_none,const,0,3,0,0,
glimra/textmate/theme,font_style_italic,const,0,1,0,0,
glimra/textmate/theme,font_style_bold,const,0,1,0,0,
glimra/textmate/theme,font_style_underline,const,0,1,0,0,
glimra/textmate/theme,font_style_strikethrough,const,0,1,0,0,
glimra/textmate/theme,StyleAttributes,type,4,5,0,0,
glimra/textmate/theme,Theme,type,5,40,0,3,
glimra/textmate/theme,ParsedThemeRule,type,1,15,0,0,
/Users/s0001325/repos/glimra/count_usages.sh: line 74: [[: 0
0: syntax error in expression (error token is "0")
/Users/s0001325/repos/glimra/count_usages.sh: line 74: [[: 0
0: syntax error in expression (error token is "0")
glimra/textmate/theme,ThemeTrieElementRule,type,21,0,0,0,internal_only
glimra/textmate/theme,ThemeTrieElement,type,16,4,0,0,
glimra/textmate/theme,match_scope,fn,2,1,0,0,
glimra/textmate/theme,new_trie_element,fn,0,1,0,0,
glimra/textmate/theme,trie_insert,fn,1,1,0,0,
glimra/textmate/grammar_loader,parse_grammar_json,fn,0,1,0,0,
glimra/textmate/textmate,TokenWithScopes,type,9,2,0,0,
/Users/s0001325/repos/glimra/count_usages.sh: line 74: [[: 0
0: syntax error in expression (error token is "0")
/Users/s0001325/repos/glimra/count_usages.sh: line 74: [[: 0
0: syntax error in expression (error token is "0")
glimra/textmate/textmate,TokenizeLineResult,type,3,0,0,0,internal_only
glimra/textmate/textmate,initial,fn,4,7,0,0,
glimra/textmate/textmate,compile_grammar,fn,2,2,0,0,
glimra/textmate/textmate,tokenize_line,fn,3,2,0,0,
glimra/textmate/textmate,tokenize_lines,fn,0,3,0,0,
glimra/textmate/grammar_compiler,compile_grammar,fn,0,4,0,0,
glimra/textmate/regexp_source,AnchorFlags,type,8,0,0,0,pub_signature
glimra/textmate/regexp_source,has_any_anchor,fn,0,6,0,0,
glimra/textmate/regexp_source,detect_anchors,fn,0,6,0,0,
glimra/textmate/regexp_source,has_back_references,fn,0,3,0,0,
glimra/textmate/regexp_source,resolve_back_references,fn,0,3,0,0,
glimra/textmate/regexp_source,resolve_anchors,fn,0,7,0,0,
glimra/textmate/regexp_source,resolve_capture_refs,fn,0,5,0,0,
glimra/textmate/line_tokens,Token,type,9,30,1,6,
/Users/s0001325/repos/glimra/count_usages.sh: line 74: [[: 0
0: syntax error in expression (error token is "0")
/Users/s0001325/repos/glimra/count_usages.sh: line 74: [[: 0
0: syntax error in expression (error token is "0")
glimra/textmate/line_tokens,BinaryToken,type,4,0,0,0,internal_only
glimra/textmate/line_tokens,LineTokens,type,23,16,0,0,
glimra/textmate/line_tokens,new,fn,2,93,0,11,
glimra/textmate/line_tokens,produce,fn,3,20,0,0,
glimra/textmate/line_tokens,produce_from_scopes,fn,3,3,0,0,
glimra/textmate/line_tokens,get_result,fn,0,1,0,0,
glimra/textmate/line_tokens,LocalStackElement,type,8,5,0,0,
glimra/textmate/line_tokens,pop_local_stack,fn,0,2,0,0,
glimra/textmate/line_tokens,get_current_scopes,fn,0,4,0,0,
glimra/textmate/scope_matcher,ScopeStack,type,11,14,0,0,
glimra/textmate/scope_matcher,from_scopes,fn,0,1,0,0,
glimra/textmate/scope_matcher,to_list,fn,0,1,0,0,
glimra/textmate/scope_matcher,matches_scope,fn,2,2,0,0,
glimra/textmate/scope_matcher,matches_parent_scopes,fn,0,1,0,0,
glimra/textmate/color_map,ColorMap,type,6,10,0,0,
glimra/textmate/color_map,new,fn,2,93,0,11,
glimra/textmate/color_map,get_id,fn,0,5,0,0,
glimra/textmate/color_map,get_color,fn,0,1,0,0,
glimra/textmate/theme_loader,parse_theme_json,fn,0,1,0,0,
glimra/textmate/tokenize,TokenizeResult,type,3,6,0,0,
glimra/textmate/tokenize,tokenize_line,fn,0,5,0,0,
glimra/utils/strings,Line,type,3,5,0,3,
glimra/utils/strings,split_lines,fn,2,5,0,0,
glimra/oniguruma_to_es/transform,default_config,fn,0,0,0,2,
glimra/oniguruma_to_es/transform,transform,fn,6,18,2,6,
glimra/oniguruma_to_es/transform/third_pass,ThirdPassState,type,40,1,0,0,
glimra/oniguruma_to_es/transform/third_pass,run,fn,0,5,3,5,
glimra/oniguruma_to_es/transform/utils,is_valid_js_group_name,fn,0,4,0,0,
glimra/oniguruma_to_es/transform/utils,get_or_insert_group_name,fn,0,4,0,0,
glimra/oniguruma_to_es/transform/utils,CurrentFlags,type,4,5,0,0,
glimra/oniguruma_to_es/transform/utils,get_new_current_flags,fn,0,5,0,0,
glimra/oniguruma_to_es/transform/utils,are_flags_equal,fn,0,2,0,0,
glimra/oniguruma_to_es/transform/utils,get_flag_mods_from_flags,fn,0,2,0,0,
glimra/oniguruma_to_es/transform/utils,CloneState,type,25,4,0,0,
glimra/oniguruma_to_es/transform/utils,new_clone_state,fn,0,2,0,0,
glimra/oniguruma_to_es/transform/utils,new_clone_state_from,fn,0,2,0,0,
glimra/oniguruma_to_es/transform/utils,clone_capturing_group,fn,0,2,0,0,
glimra/oniguruma_to_es/transform/types,RegexPlusAst,type,1,5,2,11,
glimra/oniguruma_to_es/transform/types,RegexPlusFlags,type,2,2,0,2,
glimra/oniguruma_to_es/transform/types,TransformOptions,type,2,2,0,2,
glimra/oniguruma_to_es/transform/types,DisableOptions,type,2,2,0,0,
glimra/oniguruma_to_es/transform/types,ForceOptions,type,2,2,0,0,
glimra/oniguruma_to_es/transform/types,Strategy,type,2,3,0,2,
glimra/oniguruma_to_es/transform/types,Accuracy,type,2,2,0,0,
glimra/oniguruma_to_es/transform/types,Target,type,2,2,0,0,
glimra/oniguruma_to_es/transform/types,TransformConfig,type,1,5,0,0,
glimra/oniguruma_to_es/transform/types,SubroutineRefKey,type,0,4,0,0,
glimra/oniguruma_to_es/transform/types,SubroutineRefEntry,type,1,4,0,0,
glimra/oniguruma_to_es/transform/types,GroupNameInfo,type,1,6,0,0,
glimra/oniguruma_to_es/transform/second_pass,SecondPassState,type,49,1,0,0,
/Users/s0001325/repos/glimra/count_usages.sh: line 74: [[: 0
0: syntax error in expression (error token is "0")
/Users/s0001325/repos/glimra/count_usages.sh: line 74: [[: 0
0: syntax error in expression (error token is "0")
glimra/oniguruma_to_es/transform/second_pass,MultiplexKey,type,4,0,0,0,internal_only
/Users/s0001325/repos/glimra/count_usages.sh: line 74: [[: 0
0: syntax error in expression (error token is "0")
/Users/s0001325/repos/glimra/count_usages.sh: line 74: [[: 0
0: syntax error in expression (error token is "0")
glimra/oniguruma_to_es/transform/second_pass,MultiplexEntry,type,6,0,0,0,internal_only
glimra/oniguruma_to_es/transform/second_pass,run,fn,0,5,3,5,
glimra/oniguruma_to_es/transform/first_pass,FirstPassState,type,65,1,0,0,
glimra/oniguruma_to_es/transform/first_pass,run,fn,0,5,3,5,
glimra/languages,Language,type,8,19,3,12,
glimra/languages,LanguageInfo,type,52,0,0,0,pub_signature
glimra/languages,language_info,fn,3,0,2,0,
glimra/languages,all_languages,fn,0,2,4,0,
glimra/languages,language_id,fn,0,6,3,7,
glimra/languages,language_grammar_file,fn,0,1,2,0,
glimra/languages,language_dependencies,fn,0,1,0,0,
glimra/ffi/cache,get,fn,1,58,0,5,
glimra/ffi/cache,put,fn,1,1,0,0,
glimra/ffi/onig_scanner,OnigScanner,type,7,14,0,2,
glimra/ffi/onig_scanner,MatchResult,type,4,16,0,0,
glimra/ffi/onig_scanner,create_scanner,fn,0,2,0,2,
glimra/ffi/onig_scanner,find_next_match,fn,0,6,0,0,
glimra/themes,BundledTheme,type,5,5,2,6,
glimra/themes,ThemeInfo,type,12,0,0,0,pub_signature
glimra/themes,theme_info,fn,1,0,3,0,
glimra/themes,all_themes,fn,0,2,6,2,
glimra/themes,theme_id,fn,1,2,3,18,
glimra/themes,Theme,type,4,41,0,3,
glimra/themes,theme_name,fn,0,12,0,3,
glimra/oniguruma_parser/parser,ParseOptions,type,4,0,0,2,
glimra/oniguruma_parser/parser,default_options,fn,0,1,0,2,
glimra/oniguruma_parser/parser,parse,fn,8,11,0,11,
glimra/oniguruma_parser/parser/token_types,TokenCharacterSetKind,type,2,4,0,0,
/Users/s0001325/repos/glimra/count_usages.sh: line 74: [[: 0
0: syntax error in expression (error token is "0")
/Users/s0001325/repos/glimra/count_usages.sh: line 74: [[: 0
0: syntax error in expression (error token is "0")
glimra/oniguruma_parser/parser/token_types,TokenDirectiveKind,type,1,0,0,0,internal_only
glimra/oniguruma_parser/parser/token_types,TokenGroupOpenKind,type,1,2,0,0,
glimra/oniguruma_parser/parser/token_types,TokenQuantifierKind,type,1,4,0,0,
glimra/oniguruma_parser/parser/token_types,Token,type,6,33,1,6,
glimra/oniguruma_parser/parser/token_types,EscapedNumberToken,type,2,3,0,0,
glimra/oniguruma_parser/parser/token_types,TokenOrIntermediate,type,0,36,0,0,
glimra/oniguruma_parser/parser/token_types,FlagProperties,type,4,16,0,0,
glimra/oniguruma_parser/parser/token_types,TextSegmentMode,type,1,4,0,2,
glimra/oniguruma_parser/parser/token_types,TokenizeResult,type,1,8,0,0,
glimra/oniguruma_parser/parser/token_types,token_raw,fn,0,2,0,0,
glimra/oniguruma_parser/parser/token_types,default_flag_properties,fn,0,1,0,0,
glimra/oniguruma_parser/parser/token_types,token_cs_kind_to_ast,fn,0,1,0,0,
glimra/oniguruma_parser/parser/ast_types,AssertionKind,type,1,2,0,2,
glimra/oniguruma_parser/parser/ast_types,AbsenceFunctionKind,type,1,0,0,2,
glimra/oniguruma_parser/parser/ast_types,CharacterClassKind,type,1,0,0,2,
glimra/oniguruma_parser/parser/ast_types,CharacterSetKind,type,1,1,0,2,
glimra/oniguruma_parser/parser/ast_types,DirectiveKind,type,1,0,0,2,
glimra/oniguruma_parser/parser/ast_types,LookaroundAssertionKind,type,1,0,0,2,
glimra/oniguruma_parser/parser/ast_types,QuantifierKind,type,1,1,0,2,
glimra/oniguruma_parser/parser/ast_types,NamedCalloutKind,type,1,4,0,2,
glimra/oniguruma_parser/parser/ast_types,RegexNode,type,4,32,0,3,
glimra/oniguruma_parser/parser/ast_types,OnigurumaAst,type,1,4,0,0,
glimra/oniguruma_parser/parser/ast_types,AlternativeNode,type,7,109,0,2,
glimra/oniguruma_parser/parser/ast_types,AssertionNode,type,3,16,0,2,
glimra/oniguruma_parser/parser/ast_types,BackreferenceNode,type,4,20,0,2,
glimra/oniguruma_parser/parser/ast_types,BackreferenceRef,type,1,6,0,2,
glimra/oniguruma_parser/parser/ast_types,CapturingGroupNode,type,4,75,0,3,
glimra/oniguruma_parser/parser/ast_types,CharacterNode,type,6,26,0,2,
glimra/oniguruma_parser/parser/ast_types,CharacterClassNode,type,5,41,0,2,
glimra/oniguruma_parser/parser/ast_types,CharacterClassRangeNode,type,3,8,0,2,
glimra/oniguruma_parser/parser/ast_types,CharacterSetNode,type,5,28,0,2,
glimra/oniguruma_parser/parser/ast_types,DirectiveNode,type,3,9,0,2,
glimra/oniguruma_parser/parser/ast_types,FlagsNode,type,3,12,0,2,
glimra/oniguruma_parser/parser/ast_types,TextSegmentMode,type,1,4,0,2,
glimra/oniguruma_parser/parser/ast_types,GroupNode,type,4,36,0,2,
glimra/oniguruma_parser/parser/ast_types,LookaroundAssertionNode,type,3,35,0,2,
glimra/oniguruma_parser/parser/ast_types,NamedCalloutNode,type,3,8,0,2,
glimra/oniguruma_parser/parser/ast_types,CalloutArg,type,1,0,0,2,
glimra/oniguruma_parser/parser/ast_types,AbsenceFunctionNode,type,4,21,0,2,
glimra/oniguruma_parser/parser/ast_types,QuantifierNode,type,4,28,0,2,
glimra/oniguruma_parser/parser/ast_types,quantifier_max_infinity,const,0,5,0,1,
glimra/oniguruma_parser/parser/ast_types,SubroutineNode,type,4,23,0,2,
glimra/oniguruma_parser/parser/ast_types,SubroutineRef,type,1,2,0,2,
glimra/oniguruma_parser/parser/ast_types,Node,type,1,27,2,0,
glimra/oniguruma_parser/parser/ast_types,AlternativeElement,type,3,74,0,2,
glimra/oniguruma_parser/parser/ast_types,CharacterClassElement,type,1,45,0,2,
glimra/oniguruma_parser/parser/ast_types,QuantifiableNode,type,3,21,0,1,
glimra/oniguruma_parser/parser/ast_types,FlagGroupSwitches,type,3,18,0,2,
glimra/oniguruma_parser/parser/ast_types,FlagGroupModifiers,type,3,31,0,2,
glimra/oniguruma_parser/parser/ast_types,element_to_quantifiable,fn,0,2,0,0,
glimra/oniguruma_parser/parser/tokenizer,TokenizeOptions,type,4,2,0,0,
glimra/oniguruma_parser/parser/tokenizer,default_options,fn,0,1,0,2,
glimra/oniguruma_parser/parser/tokenizer,tokenize,fn,1,9,0,0,
/Users/s0001325/repos/glimra/count_usages.sh: line 74: [[: 0
0: syntax error in expression (error token is "0")
/Users/s0001325/repos/glimra/count_usages.sh: line 74: [[: 0
0: syntax error in expression (error token is "0")
glimra/oniguruma_parser/traverser,Path,type,3,0,0,0,internal_only
/Users/s0001325/repos/glimra/count_usages.sh: line 74: [[: 0
0: syntax error in expression (error token is "0")
/Users/s0001325/repos/glimra/count_usages.sh: line 74: [[: 0
0: syntax error in expression (error token is "0")
glimra/oniguruma_parser/traverser,PathKey,type,1,0,0,0,internal_only
/Users/s0001325/repos/glimra/count_usages.sh: line 74: [[: 0
0: syntax error in expression (error token is "0")
/Users/s0001325/repos/glimra/count_usages.sh: line 74: [[: 0
0: syntax error in expression (error token is "0")
glimra/oniguruma_parser/traverser,Visitor,type,27,0,0,0,internal_only
/Users/s0001325/repos/glimra/count_usages.sh: line 74: [[: 0
0: syntax error in expression (error token is "0")
/Users/s0001325/repos/glimra/count_usages.sh: line 74: [[: 0
0: syntax error in expression (error token is "0")
glimra/oniguruma_parser/traverser,VisitorFn,type,18,0,0,0,internal_only
/Users/s0001325/repos/glimra/count_usages.sh: line 74: [[: 0
0: syntax error in expression (error token is "0")
/Users/s0001325/repos/glimra/count_usages.sh: line 74: [[: 0
0: syntax error in expression (error token is "0")
glimra/oniguruma_parser/traverser,VisitResult,type,1,0,0,0,internal_only
glimra/oniguruma_parser/traverser,traverse,fn,0,1,0,0,
glimra/oniguruma_parser/unicode,UnicodePropertyMap,type,0,3,0,0,
glimra/oniguruma_parser/unicode,is_posix_class_name,fn,0,1,0,0,
glimra/oniguruma_parser/unicode,slug,fn,0,1,0,0,
glimra/oniguruma_parser/unicode,normalize_property_name,fn,0,1,0,0,
dev/codegen,main,fn,0,10,0,1,
dev/codegen,builder_api_tests,fn,0,0,0,1,
dev/codegen,query_api_tests,fn,0,0,0,1,
dev/codegen,token_options_tests,fn,0,0,0,1,
